BubbleName	BubbleType	UserType	Members	Admins	Invitees
Class 2017	resource	Name		Emory Bubble	
Class 2017	resource	NetID	JWHATL3		
Class 2017	resource	NetID	SBUDNYK		
Class 2017	resource	NetID	YZHOU95		
Class 2017	resource	NetID	UUANARU		
Class 2017	resource	NetID	EBRODY2		
Class 2017	resource	NetID	RPHAUSE		
Class 2017	resource	NetID	LPMARQU		
Class 2017	resource	NetID	YSUNG23		
Class 2017	resource	NetID	SKALANI		
Class 2017	resource	NetID	ZZENG9		
Class 2017	resource	NetID	NNARAN2		
Class 2017	resource	NetID	HJEDDI		
Class 2017	resource	NetID	BSHPORE		
Class 2017	resource	NetID	AYANG32		
Class 2017	resource	NetID	AGAO4		
Class 2017	resource	NetID	NCIESIN		
Class 2017	resource	NetID	ACCAPLA		
Class 2017	resource	NetID	JERUBI2		
Class 2017	resource	NetID	NBUSTRA		
Class 2017	resource	NetID	KBROEN		
Class 2017	resource	NetID	NKANTO3		
Class 2017	resource	NetID	DATAO		
Class 2017	resource	NetID	KREYNO8		
Class 2017	resource	NetID	SMOGEND		
Class 2017	resource	NetID	WYANG49		
Class 2017	resource	NetID	RUCKERT		
Class 2017	resource	NetID	HMFREED		
Class 2017	resource	NetID	MLEVY23		
Class 2017	resource	NetID	MGETZUG		
Class 2017	resource	NetID	PMALDAR		
Class 2017	resource	NetID	DECRAIG		
Class 2017	resource	NetID	JHARR42		
Class 2017	resource	NetID	KDCURRI		
Class 2017	resource	NetID	RNGUYE6		
Class 2017	resource	NetID	YCHUN45		
Class 2017	resource	NetID	ALYOUN5		
Class 2017	resource	NetID	CJONE53		
Class 2017	resource	NetID	AMFRIE4		
Class 2017	resource	NetID	BGOLAM		
Class 2017	resource	NetID	MMANG		
Class 2017	resource	NetID	JSIU4		
Class 2017	resource	NetID	AAGAR42		
Class 2017	resource	NetID	JELDER2		
Class 2017	resource	NetID	JRICHHE		
Class 2017	resource	NetID	LIMORAL		
Class 2017	resource	NetID	DMINTZP		
Class 2017	resource	NetID	CMYOUN3		
Class 2017	resource	NetID	ARAMIR9		
Class 2017	resource	NetID	MDALLAR		
Class 2017	resource	NetID	MMENDE3		
Class 2017	resource	NetID	EAARON2		
Class 2017	resource	NetID	TLI44		
Class 2017	resource	NetID	JBENEDE		
Class 2017	resource	NetID	ZERB		
Class 2017	resource	NetID	YJPARK5		
Class 2017	resource	NetID	SLFRANC		
Class 2017	resource	NetID	KDGOLDS		
Class 2017	resource	NetID	CAUGUS3		
Class 2017	resource	NetID	ESIEGE7		
Class 2017	resource	NetID	HGUNDER		
Class 2017	resource	NetID	BSTEIN4		
Class 2017	resource	NetID	ALCHEN3		
Class 2017	resource	NetID	IKORNMA		
Class 2017	resource	NetID	CBIGBY		
Class 2017	resource	NetID	RFSADIQ		
Class 2017	resource	NetID	JPTAUB		
Class 2017	resource	NetID	KPMACKI		
Class 2017	resource	NetID	SKUTHYA		
Class 2017	resource	NetID	KKALLE2		
Class 2017	resource	NetID	JLZHU		
Class 2017	resource	NetID	OANTAO		
Class 2017	resource	NetID	HLHANSE		
Class 2017	resource	NetID	THERREN		
Class 2017	resource	NetID	SBLUME4		
Class 2017	resource	NetID	DHLI		
Class 2017	resource	NetID	SSETH6		
Class 2017	resource	NetID	KATAYL6		
Class 2017	resource	NetID	ALEVEY2		
Class 2017	resource	NetID	GANDRLE		
Class 2017	resource	NetID	YSTESHO		
Class 2017	resource	NetID	JLEE855		
Class 2017	resource	NetID	CPEREDA		
Class 2017	resource	NetID	JYSEO2		
Class 2017	resource	NetID	CISDAHL		
Class 2017	resource	NetID	SMCOHE9		
Class 2017	resource	NetID	EKRAKOW		
Class 2017	resource	NetID	MSOLASZ		
Class 2017	resource	NetID	AMAHONY		
Class 2017	resource	NetID	RAHUJA4		
Class 2017	resource	NetID	EMPIEPE		
Class 2017	resource	NetID	ZCHENG6		
Class 2017	resource	NetID	YSPATEL		
Class 2017	resource	NetID	MBERCE		
Class 2017	resource	NetID	ZHUDAK		
Class 2017	resource	NetID	ITSESAR		
Class 2017	resource	NetID	GWMARTI		
Class 2017	resource	NetID	NWENZEL		
Class 2017	resource	NetID	SGUPT46		
Class 2017	resource	NetID	JYOON66		
Class 2017	resource	NetID	DBENSO3		
Class 2017	resource	NetID	RROHRA		
Class 2017	resource	NetID	KCKLINE		
Class 2017	resource	NetID	RMART28		
Class 2017	resource	NetID	EHANDA		
Class 2017	resource	NetID	RMCCALI		
Class 2017	resource	NetID	JEJARAM		
Class 2017	resource	NetID	KDHINES		
Class 2017	resource	NetID	CTBUNTI		
Class 2017	resource	NetID	VROSEN3		
Class 2017	resource	NetID	KOELKER		
Class 2017	resource	NetID	CCICCOD		
Class 2017	resource	NetID	PHSU5		
Class 2017	resource	NetID	SKANG69		
Class 2017	resource	NetID	NPARI22		
Class 2017	resource	NetID	BSABIN2		
Class 2017	resource	NetID	JRODMA2		
Class 2017	resource	NetID	EREILL4		
Class 2017	resource	NetID	MLENGEL		
Class 2017	resource	NetID	AZHOU9		
Class 2017	resource	NetID	GMEIER		
Class 2017	resource	NetID	PBEARDS		
Class 2017	resource	NetID	CLIM27		
Class 2017	resource	NetID	LOSHIN		
Class 2017	resource	NetID	CBAI7		
Class 2017	resource	NetID	CLPARSO		
Class 2017	resource	NetID	JLIU255		
Class 2017	resource	NetID	CHOLME8		
Class 2017	resource	NetID	NJANICK		
Class 2017	resource	NetID	BIAZIZI		
Class 2017	resource	NetID	HEHEWIT		
Class 2017	resource	NetID	JRUSHFO		
Class 2017	resource	NetID	APNGUY3		
Class 2017	resource	NetID	MRAMIR9		
Class 2017	resource	NetID	KPARK55		
Class 2017	resource	NetID	RARVAY		
Class 2017	resource	NetID	STANG35		
Class 2017	resource	NetID	RSCHLUS		
Class 2017	resource	NetID	HDUNNGR		
Class 2017	resource	NetID	DLROSE6		
Class 2017	resource	NetID	NMARCHI		
Class 2017	resource	NetID	NFHUSSA		
Class 2017	resource	NetID	YLIN87		
Class 2017	resource	NetID	LHARLAN		
Class 2017	resource	NetID	XWAN342		
Class 2017	resource	NetID	JSHIM27		
Class 2017	resource	NetID	TLZHANG		
Class 2017	resource	NetID	AFJOHN2		
Class 2017	resource	NetID	EHIBBLE		
Class 2017	resource	NetID	MJCRAYT		
Class 2017	resource	NetID	BBOLTE		
Class 2017	resource	NetID	JLYEO		
Class 2017	resource	NetID	MFCOSTL		
Class 2017	resource	NetID	EADDIEN		
Class 2017	resource	NetID	HMAZELL		
Class 2017	resource	NetID	WJRODRI		
Class 2017	resource	NetID	CERICH2		
Class 2017	resource	NetID	JWEYNAN		
Class 2017	resource	NetID	GVANKEV		
Class 2017	resource	NetID	SZIEGL4		
Class 2017	resource	NetID	ADOETSC		
Class 2017	resource	NetID	CDKROLL		
Class 2017	resource	NetID	HHA7		
Class 2017	resource	NetID	ERROSE4		
Class 2017	resource	NetID	TTROBE2		
Class 2017	resource	NetID	STIERNE		
Class 2017	resource	NetID	APOSKLE		
Class 2017	resource	NetID	NAWAD		
Class 2017	resource	NetID	CRHODE		
Class 2017	resource	NetID	SMCGEAC		
Class 2017	resource	NetID	YCHE449		
Class 2017	resource	NetID	JROBEN2		
Class 2017	resource	NetID	JFU33		
Class 2017	resource	NetID	MCMOHAM		
Class 2017	resource	NetID	BTARAMA		
Class 2017	resource	NetID	HDUAN4		
Class 2017	resource	NetID	WHARMON		
Class 2017	resource	NetID	HSCHANB		
Class 2017	resource	NetID	CSMCDOW		
Class 2017	resource	NetID	JLAKHAN		
Class 2017	resource	NetID	HHOJEIJ		
Class 2017	resource	NetID	CLAM23		
Class 2017	resource	NetID	DKIM457		
Class 2017	resource	NetID	EBALOGU		
Class 2017	resource	NetID	JBASSEL		
Class 2017	resource	NetID	MSRIFKI		
Class 2017	resource	NetID	AAMRAN		
Class 2017	resource	NetID	TPWHITE		
Class 2017	resource	NetID	SFRISC2		
Class 2017	resource	NetID	KTREMB2		
Class 2017	resource	NetID	BCORREA		
Class 2017	resource	NetID	ASHIM3		
Class 2017	resource	NetID	YQIU24		
Class 2017	resource	NetID	MNAHIN		
Class 2017	resource	NetID	DLAWSO3		
Class 2017	resource	NetID	MJTHOM5		
Class 2017	resource	NetID	SRIVER4		
Class 2017	resource	NetID	KSTOFF		
Class 2017	resource	NetID	AMAKAR		
Class 2017	resource	NetID	BMURRA2		
Class 2017	resource	NetID	RSPECT2		
Class 2017	resource	NetID	JMEADO6		
Class 2017	resource	NetID	SHALE3		
Class 2017	resource	NetID	KALLE24		
Class 2017	resource	NetID	CJIMEN6		
Class 2017	resource	NetID	ZWAN263		
Class 2017	resource	NetID	IKANG5		
Class 2017	resource	NetID	WHASSA2		
Class 2017	resource	NetID	CSTADNI		
Class 2017	resource	NetID	MDETTWE		
Class 2017	resource	NetID	KHEERJI		
Class 2017	resource	NetID	HSONG32		
Class 2017	resource	NetID	JJOSS		
Class 2017	resource	NetID	GJAMES3		
Class 2017	resource	NetID	JLE2278		
Class 2017	resource	NetID	ATEOFIL		
Class 2017	resource	NetID	MTIPPOL		
Class 2017	resource	NetID	HMONTE		
Class 2017	resource	NetID	SEBO		
Class 2017	resource	NetID	YXIN6		
Class 2017	resource	NetID	ACASLIN		
Class 2017	resource	NetID	SMALLAR		
Class 2017	resource	NetID	SARNOL5		
Class 2017	resource	NetID	IHSALDA		
Class 2017	resource	NetID	SSWART		
Class 2017	resource	NetID	DJARDEL		
Class 2017	resource	NetID	TWON4		
Class 2017	resource	NetID	GPENHA		
Class 2017	resource	NetID	KTRIMB2		
Class 2017	resource	NetID	MMORIM2		
Class 2017	resource	NetID	SECOOP3		
Class 2017	resource	NetID	HWAN252		
Class 2017	resource	NetID	MCORNW2		
Class 2017	resource	NetID	SCHEW2		
Class 2017	resource	NetID	NDTREVI		
Class 2017	resource	NetID	RCSCHOE		
Class 2017	resource	NetID	WMCGUIR		
Class 2017	resource	NetID	JCHE294		
Class 2017	resource	NetID	LSPETE3		
Class 2017	resource	NetID	MASPERL		
Class 2017	resource	NetID	BNATINS		
Class 2017	resource	NetID	SMBROO3		
Class 2017	resource	NetID	JPAR596		
Class 2017	resource	NetID	LDBLANC		
Class 2017	resource	NetID	JMOVAGH		
Class 2017	resource	NetID	PKETYUN		
Class 2017	resource	NetID	GZOCK		
Class 2017	resource	NetID	VJEON		
Class 2017	resource	NetID	PASHAH2		
Class 2017	resource	NetID	EGIORD2		
Class 2017	resource	NetID	HQU22		
Class 2017	resource	NetID	LZHA238		
Class 2017	resource	NetID	YLIU355		
Class 2017	resource	NetID	BPOWNAL		
Class 2017	resource	NetID	HQI6		
Class 2017	resource	NetID	JPAR636		
Class 2017	resource	NetID	AWILL98		
Class 2017	resource	NetID	JHO27		
Class 2017	resource	NetID	SXAYASO		
Class 2017	resource	NetID	HABBE		
Class 2017	resource	NetID	SLEE867		
Class 2017	resource	NetID	ZWENZ		
Class 2017	resource	NetID	SBALEPO		
Class 2017	resource	NetID	HELSAYE		
Class 2017	resource	NetID	LLTRAN		
Class 2017	resource	NetID	MKJOHN5		
Class 2017	resource	NetID	SSCE		
Class 2017	resource	NetID	MSTOFBE		
Class 2017	resource	NetID	CECOLLA		
Class 2017	resource	NetID	MMCGREE		
Class 2017	resource	NetID	MOGUNSA		
Class 2017	resource	NetID	KMARAG2		
Class 2017	resource	NetID	OERSIN		
Class 2017	resource	NetID	ZQIAN7		
Class 2017	resource	NetID	SHALEY2		
Class 2017	resource	NetID	LASHEPP		
Class 2017	resource	NetID	DREDDY4		
Class 2017	resource	NetID	MSCHRO3		
Class 2017	resource	NetID	BUPALME		
Class 2017	resource	NetID	RNATION		
Class 2017	resource	NetID	EKITCH2		
Class 2017	resource	NetID	FSWEENE		
Class 2017	resource	NetID	JLEONA4		
Class 2017	resource	NetID	SLIN64		
Class 2017	resource	NetID	LSANTO5		
Class 2017	resource	NetID	JZHA242		
Class 2017	resource	NetID	KBARTE2		
Class 2017	resource	NetID	WZENG2		
Class 2017	resource	NetID	LWAN248		
Class 2017	resource	NetID	ADKAPL2		
Class 2017	resource	NetID	ADEROVA		
Class 2017	resource	NetID	QWU28		
Class 2017	resource	NetID	RRRANA		
Class 2017	resource	NetID	AMBIANC		
Class 2017	resource	NetID	JCHO59		
Class 2017	resource	NetID	AFELDEN		
Class 2017	resource	NetID	JLIN58		
Class 2017	resource	NetID	CNASSIF		
Class 2017	resource	NetID	FJAMA		
Class 2017	resource	NetID	RZHAN36		
Class 2017	resource	NetID	BPARANT		
Class 2017	resource	NetID	CJBAKE2		
Class 2017	resource	NetID	JWIL236		
Class 2017	resource	NetID	RSRAJEN		
Class 2017	resource	NetID	ANYAUN		
Class 2017	resource	NetID	HSOMANI		
Class 2017	resource	NetID	DTROBI2		
Class 2017	resource	NetID	ALOSTOC		
Class 2017	resource	NetID	VPAREK3		
Class 2017	resource	NetID	DMJOINE		
Class 2017	resource	NetID	MSPEES		
Class 2017	resource	NetID	MAEDWA3		
Class 2017	resource	NetID	KGRAMS2		
Class 2017	resource	NetID	MHOLCO3		
Class 2017	resource	NetID	JSSTEI2		
Class 2017	resource	NetID	SHOLLY2		
Class 2017	resource	NetID	IMJONES		
Class 2017	resource	NetID	DJPERRY		
Class 2017	resource	NetID	ABOWER4		
Class 2017	resource	NetID	JLYNCH3		
Class 2017	resource	NetID	KWOOLAR		
Class 2017	resource	NetID	HYANG77		
Class 2017	resource	NetID	ZZHA228		
Class 2017	resource	NetID	JPONS		
Class 2017	resource	NetID	SLEE824		
Class 2017	resource	NetID	ASULLIN		
Class 2017	resource	NetID	JTILLM5		
Class 2017	resource	NetID	PHOGEN		
Class 2017	resource	NetID	FPIRAN2		
Class 2017	resource	NetID	KHUAN42		
Class 2017	resource	NetID	KOGBURN		
Class 2017	resource	NetID	DFRISCH		
Class 2017	resource	NetID	JFOLEY3		
Class 2017	resource	NetID	TWKIM3		
Class 2017	resource	NetID	AFGIL		
Class 2017	resource	NetID	JYI35		
Class 2017	resource	NetID	NDO2		
Class 2017	resource	NetID	JJDURST		
Class 2017	resource	NetID	JDONG24		
Class 2017	resource	NetID	JTSAI5		
Class 2017	resource	NetID	MBABSON		
Class 2017	resource	NetID	ARAGANS		
Class 2017	resource	NetID	LAMATHE		
Class 2017	resource	NetID	GARIFIN		
Class 2017	resource	NetID	MCHAN35		
Class 2017	resource	NetID	SBAE35		
Class 2017	resource	NetID	FAALI		
Class 2017	resource	NetID	NNOORDI		
Class 2017	resource	NetID	JWRICKE		
Class 2017	resource	NetID	DPETRUS		
Class 2017	resource	NetID	LTURNE9		
Class 2017	resource	NetID	SLIAN23		
Class 2017	resource	NetID	RMYERS3		
Class 2017	resource	NetID	YZHA475		
Class 2017	resource	NetID	PKAMALV		
Class 2017	resource	NetID	TWOODS7		
Class 2017	resource	NetID	LMAKINS		
Class 2017	resource	NetID	RSTONE5		
Class 2017	resource	NetID	BSCHOF2		
Class 2017	resource	NetID	PGANDH4		
Class 2017	resource	NetID	MAWAKEF		
Class 2017	resource	NetID	AZALADO		
Class 2017	resource	NetID	JASARO		
Class 2017	resource	NetID	RKIMME2		
Class 2017	resource	NetID	MMGOMAS		
Class 2017	resource	NetID	ZLI83		
Class 2017	resource	NetID	JKHALIF		
Class 2017	resource	NetID	TMNATHA		
Class 2017	resource	NetID	DMCGEE2		
Class 2017	resource	NetID	WREIS		
Class 2017	resource	NetID	CWINDER		
Class 2017	resource	NetID	JGORGEN		
Class 2017	resource	NetID	MWMENKE		
Class 2017	resource	NetID	JARODR4		
Class 2017	resource	NetID	JGORD23		
Class 2017	resource	NetID	ZPLUNDG		
Class 2017	resource	NetID	KBURDZI		
Class 2017	resource	NetID	PWIZIG		
Class 2017	resource	NetID	MBERTR3		
Class 2017	resource	NetID	LYAO9		
Class 2017	resource	NetID	TZELING		
Class 2017	resource	NetID	MGREE33		
Class 2017	resource	NetID	YBAI26		
Class 2017	resource	NetID	AADENU2		
Class 2017	resource	NetID	CMOLIN2		
Class 2017	resource	NetID	YKIM478		
Class 2017	resource	NetID	JZHU54		
Class 2017	resource	NetID	JGALINS		
Class 2017	resource	NetID	YLI2323		
Class 2017	resource	NetID	MMART38		
Class 2017	resource	NetID	SLEE887		
Class 2017	resource	NetID	AHOUCH2		
Class 2017	resource	NetID	MDCHOI		
Class 2017	resource	NetID	YPENAS		
Class 2017	resource	NetID	YHUA224		
Class 2017	resource	NetID	YHAN52		
Class 2017	resource	NetID	MFUNDIN		
Class 2017	resource	NetID	MBTAYL6		
Class 2017	resource	NetID	JLE2284		
Class 2017	resource	NetID	MKLING2		
Class 2017	resource	NetID	AKADER		
Class 2017	resource	NetID	NKDOSHI		
Class 2017	resource	NetID	JMSWAIN		
Class 2017	resource	NetID	CMART36		
Class 2017	resource	NetID	SMFLEIS		
Class 2017	resource	NetID	IWILLI8		
Class 2017	resource	NetID	YLIU356		
Class 2017	resource	NetID	TKINNEY		
Class 2017	resource	NetID	JCALDW7		
Class 2017	resource	NetID	SVALLIA		
Class 2017	resource	NetID	VLIU4		
Class 2017	resource	NetID	NSTANGL		
Class 2017	resource	NetID	DSHIN38		
Class 2017	resource	NetID	EBRATMA		
Class 2017	resource	NetID	HBARRER		
Class 2017	resource	NetID	RSCHER		
Class 2017	resource	NetID	SMOMIN6		
Class 2017	resource	NetID	MLEE277		
Class 2017	resource	NetID	HLIU76		
Class 2017	resource	NetID	SPENGEL		
Class 2017	resource	NetID	JBONOVI		
Class 2017	resource	NetID	KBSULLI		
Class 2017	resource	NetID	FGLENN		
Class 2017	resource	NetID	JLE2276		
Class 2017	resource	NetID	TJEONG3		
Class 2017	resource	NetID	DVALLER		
Class 2017	resource	NetID	AASUQUO		
Class 2017	resource	NetID	SHOFF3		
Class 2017	resource	NetID	BBANKS4		
Class 2017	resource	NetID	AHALTE2		
Class 2017	resource	NetID	JPAR594		
Class 2017	resource	NetID	MSCHERN		
Class 2017	resource	NetID	LJRAND		
Class 2017	resource	NetID	PCHENG6		
Class 2017	resource	NetID	SAMBE		
Class 2017	resource	NetID	ELI24		
Class 2017	resource	NetID	JNUTOVI		
Class 2017	resource	NetID	LWEI27		
Class 2017	resource	NetID	JPONCE2		
Class 2017	resource	NetID	RELMOST		
Class 2017	resource	NetID	WZHAN92		
Class 2017	resource	NetID	CJHOLLA		
Class 2017	resource	NetID	YZHAO85		
Class 2017	resource	NetID	SBOWES		
Class 2017	resource	NetID	JHEMBD		
Class 2017	resource	NetID	CWMCCOR		
Class 2017	resource	NetID	KJOHN72		
Class 2017	resource	NetID	MLEE266		
Class 2017	resource	NetID	ATANG25		
Class 2017	resource	NetID	JLE2348		
Class 2017	resource	NetID	EBELFER		
Class 2017	resource	NetID	JASCHLE		
Class 2017	resource	NetID	EMARKS2		
Class 2017	resource	NetID	AAKIM3		
Class 2017	resource	NetID	SEISKAN		
Class 2017	resource	NetID	ASATRE		
Class 2017	resource	NetID	KMTOOLE		
Class 2017	resource	NetID	BFELTY		
Class 2017	resource	NetID	NAHARR2		
Class 2017	resource	NetID	EARMSTE		
Class 2017	resource	NetID	JMERCA4		
Class 2017	resource	NetID	DMROBI5		
Class 2017	resource	NetID	CGROET		
Class 2017	resource	NetID	KJANI2		
Class 2017	resource	NetID	ABROW58		
Class 2017	resource	NetID	KSCRUGG		
Class 2017	resource	NetID	AEEASTO		
Class 2017	resource	NetID	MFIER		
Class 2017	resource	NetID	CLEUNG9		
Class 2017	resource	NetID	CSJUN		
Class 2017	resource	NetID	IKILPAT		
Class 2017	resource	NetID	CBEGGIN		
Class 2017	resource	NetID	HKAMINK		
Class 2017	resource	NetID	YDOAN		
Class 2017	resource	NetID	MASANC2		
Class 2017	resource	NetID	FRIETTI		
Class 2017	resource	NetID	MCARR4		
Class 2017	resource	NetID	JAAQUA		
Class 2017	resource	NetID	ECATES2		
Class 2017	resource	NetID	HPAR246		
Class 2017	resource	NetID	MSMI222		
Class 2017	resource	NetID	EBUCKLA		
Class 2017	resource	NetID	YHONG45		
Class 2017	resource	NetID	ILU2		
Class 2017	resource	NetID	SMINERT		
Class 2017	resource	NetID	SAN28		
Class 2017	resource	NetID	SMPENNE		
Class 2017	resource	NetID	VSERED2		
Class 2017	resource	NetID	AJIANG7		
Class 2017	resource	NetID	JHAN96		
Class 2017	resource	NetID	JLOEFFL		
Class 2017	resource	NetID	ADMCCLI		
Class 2017	resource	NetID	HWU45		
Class 2017	resource	NetID	LRHOADE		
Class 2017	resource	NetID	KNNERSE		
Class 2017	resource	NetID	ESHIN24		
Class 2017	resource	NetID	EKIELY		
Class 2017	resource	NetID	SWOLCH2		
Class 2017	resource	NetID	ALOCKW3		
Class 2017	resource	NetID	YCHE428		
Class 2017	resource	NetID	GSIMMO2		
Class 2017	resource	NetID	OZARELL		
Class 2017	resource	NetID	SAREVAL		
Class 2017	resource	NetID	AJNAJJA		
Class 2017	resource	NetID	AMSTIVE		
Class 2017	resource	NetID	WZHAN85		
Class 2017	resource	NetID	AKOULAM		
Class 2017	resource	NetID	ZWU38		
Class 2017	resource	NetID	JMLOREN		
Class 2017	resource	NetID	JALFOR4		
Class 2017	resource	NetID	CASTAFF		
Class 2017	resource	NetID	AJHORN		
Class 2017	resource	NetID	RELKINS		
Class 2017	resource	NetID	JZACKON		
Class 2017	resource	NetID	GWAINW2		
Class 2017	resource	NetID	SDAS28		
Class 2017	resource	NetID	ECLAPHA		
Class 2017	resource	NetID	BNOBIL		
Class 2017	resource	NetID	YALEMAY		
Class 2017	resource	NetID	WSBAKER		
Class 2017	resource	NetID	GMURPH4		
Class 2017	resource	NetID	BBARANO		
Class 2017	resource	NetID	PTRAC		
Class 2017	resource	NetID	TBARON		
Class 2017	resource	NetID	SWAN236		
Class 2017	resource	NetID	AKOSOKO		
Class 2017	resource	NetID	CWETMOR		
Class 2017	resource	NetID	JSIA3		
Class 2017	resource	NetID	RDSTOKE		
Class 2017	resource	NetID	GROGER4		
Class 2017	resource	NetID	RMIRSKI		
Class 2017	resource	NetID	RPANKOV		
Class 2017	resource	NetID	PHUNT2		
Class 2017	resource	NetID	JMCASH		
Class 2017	resource	NetID	CBCRAVE		
Class 2017	resource	NetID	MAMANNI		
Class 2017	resource	NetID	MULMER		
Class 2017	resource	NetID	DYOUNGE		
Class 2017	resource	NetID	GMBALL		
Class 2017	resource	NetID	DJFUNDE		
Class 2017	resource	NetID	MCOOP23		
Class 2017	resource	NetID	KLIM5		
Class 2017	resource	NetID	WKOVAL		
Class 2017	resource	NetID	SYIM22		
Class 2017	resource	NetID	RDOSI		
Class 2017	resource	NetID	YZHO222		
Class 2017	resource	NetID	ASCHULH		
Class 2017	resource	NetID	ZWU37		
Class 2017	resource	NetID	JNAM25		
Class 2017	resource	NetID	MLIU64		
Class 2017	resource	NetID	EJMORR2		
Class 2017	resource	NetID	PZABLOC		
Class 2017	resource	NetID	BMCARTE		
Class 2017	resource	NetID	HSHON2		
Class 2017	resource	NetID	CHOJDA		
Class 2017	resource	NetID	ABUETTN		
Class 2017	resource	NetID	YZHOU97		
Class 2017	resource	NetID	IPARK26		
Class 2017	resource	NetID	MCLEARE		
Class 2017	resource	NetID	MAMIN7		
Class 2017	resource	NetID	EKCHAST		
Class 2017	resource	NetID	MKAGEI		
Class 2017	resource	NetID	IALYNN		
Class 2017	resource	NetID	WXU44		
Class 2017	resource	NetID	PRUVALC		
Class 2017	resource	NetID	GWGILMO		
Class 2017	resource	NetID	TSWARTZ		
Class 2017	resource	NetID	AHOYT2		
Class 2017	resource	NetID	KBATTAG		
Class 2017	resource	NetID	NSTORY		
Class 2017	resource	NetID	YREN29		
Class 2017	resource	NetID	TBIRON		
Class 2017	resource	NetID	SPAT285		
Class 2017	resource	NetID	MTUCKE8		
Class 2017	resource	NetID	TKIM247		
Class 2017	resource	NetID	PAGUPTA		
Class 2017	resource	NetID	KDEAN9		
Class 2017	resource	NetID	BBUTLE5		
Class 2017	resource	NetID	SEKAPLA		
Class 2017	resource	NetID	ABASRAI		
Class 2017	resource	NetID	NRATANA		
Class 2017	resource	NetID	BCMILL5		
Class 2017	resource	NetID	APAT233		
Class 2017	resource	NetID	YNHA		
Class 2017	resource	NetID	TYIM2		
Class 2017	resource	NetID	CEGLUCK		
Class 2017	resource	NetID	DGSKELT		
Class 2017	resource	NetID	DWEINB3		
Class 2017	resource	NetID	CLEOPOL		
Class 2017	resource	NetID	RNSTEW2		
Class 2017	resource	NetID	ACAO5		
Class 2017	resource	NetID	DBELL4		
Class 2017	resource	NetID	EBMOSES		
Class 2017	resource	NetID	SDUAN3		
Class 2017	resource	NetID	LGRBIC		
Class 2017	resource	NetID	SMANGLA		
Class 2017	resource	NetID	HJLEE22		
Class 2017	resource	NetID	HWHUNTE		
Class 2017	resource	NetID	CWIEN		
Class 2017	resource	NetID	SJIWAN3		
Class 2017	resource	NetID	SKANG68		
Class 2017	resource	NetID	YLEE362		
Class 2017	resource	NetID	DWEIS23		
Class 2017	resource	NetID	MAVERA3		
Class 2017	resource	NetID	AGHOSH8		
Class 2017	resource	NetID	DHUTNER		
Class 2017	resource	NetID	MBERMU2		
Class 2017	resource	NetID	SMIN7		
Class 2017	resource	NetID	SSAHU2		
Class 2017	resource	NetID	KDING5		
Class 2017	resource	NetID	JAMBROI		
Class 2017	resource	NetID	MAHUJA		
Class 2017	resource	NetID	MHULTS		
Class 2017	resource	NetID	HHAMMET		
Class 2017	resource	NetID	EDVALIS		
Class 2017	resource	NetID	SCROOKS		
Class 2017	resource	NetID	JSBAIK		
Class 2017	resource	NetID	JGAMBLE		
Class 2017	resource	NetID	MBEHAN2		
Class 2017	resource	NetID	CYAN7		
Class 2017	resource	NetID	WYE9		
Class 2017	resource	NetID	OATLAS		
Class 2017	resource	NetID	YSOLER		
Class 2017	resource	NetID	XWAN335		
Class 2017	resource	NetID	AREIMA2		
Class 2017	resource	NetID	MHFISHM		
Class 2017	resource	NetID	BRUNSER		
Class 2017	resource	NetID	PBODDU		
Class 2017	resource	NetID	ASHOEM3		
Class 2017	resource	NetID	CZAKKOU		
Class 2017	resource	NetID	ASPIELM		
Class 2017	resource	NetID	HYOU4		
Class 2017	resource	NetID	SFATTEH		
Class 2017	resource	NetID	MCOTTRE		
Class 2017	resource	NetID	NNERLIE		
Class 2017	resource	NetID	ZADBERG		
Class 2017	resource	NetID	MCLAR32		
Class 2017	resource	NetID	LPIPKIN		
Class 2017	resource	NetID	LWAN3		
Class 2017	resource	NetID	JBSHAKE		
Class 2017	resource	NetID	AWAINBE		
Class 2017	resource	NetID	SDITRE		
Class 2017	resource	NetID	DMONCAL		
Class 2017	resource	NetID	RLEON2		
Class 2017	resource	NetID	SPACK3		
Class 2017	resource	NetID	JAMEND2		
Class 2017	resource	NetID	DJTHOM6		
Class 2017	resource	NetID	JCAHILL		
Class 2017	resource	NetID	AJLEBOV		
Class 2017	resource	NetID	NOKOROJ		
Class 2017	resource	NetID	YLEE388		
Class 2017	resource	NetID	MFUNG2		
Class 2017	resource	NetID	YGE5		
Class 2017	resource	NetID	MVSCHUS		
Class 2017	resource	NetID	CLIU87		
Class 2017	resource	NetID	PWELLIS		
Class 2017	resource	NetID	PHDOSHI		
Class 2017	resource	NetID	ZMESIRO		
Class 2017	resource	NetID	DMALHOT		
Class 2017	resource	NetID	SYADLAP		
Class 2017	resource	NetID	RLHOWEL		
Class 2017	resource	NetID	YCHE446		
Class 2017	resource	NetID	BSUN8		
Class 2017	resource	NetID	MTHULE		
Class 2017	resource	NetID	JANDR23		
Class 2017	resource	NetID	ANOORUD		
Class 2017	resource	NetID	AODUSOT		
Class 2017	resource	NetID	MKMOOR7		
Class 2017	resource	NetID	ABRODIE		
Class 2017	resource	NetID	KDING6		
Class 2017	resource	NetID	ACPAK		
Class 2017	resource	NetID	NKOVAL2		
Class 2017	resource	NetID	TXU36		
Class 2017	resource	NetID	CCHAPM9		
Class 2017	resource	NetID	PMAJD		
Class 2017	resource	NetID	TLO3		
Class 2017	resource	NetID	RJIN3		
Class 2017	resource	NetID	MRIEFKO		
Class 2017	resource	NetID	CYTANG2		
Class 2017	resource	NetID	SARONS2		
Class 2017	resource	NetID	AEFRAN2		
Class 2017	resource	NetID	JLIWANG		
Class 2017	resource	NetID	AELMASR		
Class 2017	resource	NetID	JJUNG64		
Class 2017	resource	NetID	EBAROKA		
Class 2017	resource	NetID	PWMILLE		
Class 2017	resource	NetID	SNRODR2		
Class 2017	resource	NetID	AQNGUY2		
Class 2017	resource	NetID	MCHO38		
Class 2017	resource	NetID	YCHE463		
Class 2017	resource	NetID	MBROSE6		
Class 2017	resource	NetID	BKEENER		
Class 2017	resource	NetID	JEROBE3		
Class 2017	resource	NetID	AJNELS2		
Class 2017	resource	NetID	MDAVI37		
Class 2017	resource	NetID	HALNASE		
Class 2017	resource	NetID	MMCORDO		
Class 2017	resource	NetID	JBRENSI		
Class 2017	resource	NetID	BDAVI28		
Class 2017	resource	NetID	AJWARR2		
Class 2017	resource	NetID	ELU5		
Class 2017	resource	NetID	DEHRLI3		
Class 2017	resource	NetID	JSHANG3		
Class 2017	resource	NetID	KNLARSE		
Class 2017	resource	NetID	MMART37		
Class 2017	resource	NetID	YWU233		
Class 2017	resource	NetID	JZHOU59		
Class 2017	resource	NetID	THORRA		
Class 2017	resource	NetID	JKI2239		
Class 2017	resource	NetID	CDHOPKI		
Class 2017	resource	NetID	JYI34		
Class 2017	resource	NetID	WLEE84		
Class 2017	resource	NetID	JCHE279		
Class 2017	resource	NetID	JLABARC		
Class 2017	resource	NetID	JPSTRAU		
Class 2017	resource	NetID	KROSE22		
Class 2017	resource	NetID	AMHUGH2		
Class 2017	resource	NetID	SAJULIA		
Class 2017	resource	NetID	MABADI		
Class 2017	resource	NetID	DKIM438		
Class 2017	resource	NetID	WMWARRE		
Class 2017	resource	NetID	RASKOWI		
Class 2017	resource	NetID	SCHINAI		
Class 2017	resource	NetID	MRIU		
Class 2017	resource	NetID	AHENNI2		
Class 2017	resource	NetID	JHORVAT		
Class 2017	resource	NetID	RSEITTE		
Class 2017	resource	NetID	TAVCI		
Class 2017	resource	NetID	AASINGE		
Class 2017	resource	NetID	MGOICOE		
Class 2017	resource	NetID	CHERNA8		
Class 2017	resource	NetID	AJELLMA		
Class 2017	resource	NetID	VKPATE2		
Class 2017	resource	NetID	SJMERC2		
Class 2017	resource	NetID	SAHASS3		
Class 2017	resource	NetID	HBGOLD		
Class 2017	resource	NetID	HHOFFST		
Class 2017	resource	NetID	SCANDE8		
Class 2017	resource	NetID	ESAKAMO		
Class 2017	resource	NetID	ABEINER		
Class 2017	resource	NetID	RSWEDEL		
Class 2017	resource	NetID	BDANAIL		
Class 2017	resource	NetID	ANGUY32		
Class 2017	resource	NetID	SMANUPI		
Class 2017	resource	NetID	AJROSS2		
Class 2017	resource	NetID	DJOANNI		
Class 2017	resource	NetID	ELANE5		
Class 2017	resource	NetID	RSIDELL		
Class 2017	resource	NetID	YFU35		
Class 2017	resource	NetID	IBURR		
Class 2017	resource	NetID	LNCOFFE		
Class 2017	resource	NetID	ASTAGG		
Class 2017	resource	NetID	WWPARK		
Class 2017	resource	NetID	NMORONT		
Class 2017	resource	NetID	BHERNA2		
Class 2017	resource	NetID	KBHATI2		
Class 2017	resource	NetID	ACOZART		
Class 2017	resource	NetID	CWAYNE2		
Class 2017	resource	NetID	BFALES		
Class 2017	resource	NetID	JHER2		
Class 2017	resource	NetID	RBRESS2		
Class 2017	resource	NetID	NINAM		
Class 2017	resource	NetID	KKHOSRA		
Class 2017	resource	NetID	MSPENC8		
Class 2017	resource	NetID	RWHITMO		
Class 2017	resource	NetID	SKMOSKO		
Class 2017	resource	NetID	RUDAY		
Class 2017	resource	NetID	ZPANG		
Class 2017	resource	NetID	EBALOUZ		
Class 2017	resource	NetID	PGOLDNE		
Class 2017	resource	NetID	JPENG9		
Class 2017	resource	NetID	WSOWAPA		
Class 2017	resource	NetID	SKO22		
Class 2017	resource	NetID	TBLOCK		
Class 2017	resource	NetID	RWU32		
Class 2017	resource	NetID	SASHRA3		
Class 2017	resource	NetID	RANBAZH		
Class 2017	resource	NetID	WMILLI2		
Class 2017	resource	NetID	HJIAN37		
Class 2017	resource	NetID	ECCHAPM		
Class 2017	resource	NetID	EPANTOJ		
Class 2017	resource	NetID	JFDIAZ		
Class 2017	resource	NetID	CSHEN27		
Class 2017	resource	NetID	BJNIXON		
Class 2017	resource	NetID	CKIPKA		
Class 2017	resource	NetID	JCELKIN		
Class 2017	resource	NetID	NCHOWD2		
Class 2017	resource	NetID	AAADEDI		
Class 2017	resource	NetID	KKWON6		
Class 2017	resource	NetID	JYU65		
Class 2017	resource	NetID	MWJOHN4		
Class 2017	resource	NetID	NCUCCIA		
Class 2017	resource	NetID	BWEHELI		
Class 2017	resource	NetID	AKGRAH2		
Class 2017	resource	NetID	CLESLEY		
Class 2017	resource	NetID	CMAAS		
Class 2017	resource	NetID	MDELIYI		
Class 2017	resource	NetID	GREAVIS		
Class 2017	resource	NetID	JMAI2		
Class 2017	resource	NetID	VSAWHN2		
Class 2017	resource	NetID	MARIVE2		
Class 2017	resource	NetID	YACHUNG		
Class 2017	resource	NetID	YLEE328		
Class 2017	resource	NetID	ARAHGOZ		
Class 2017	resource	NetID	ONWAMU		
Class 2017	resource	NetID	KABBOT2		
Class 2017	resource	NetID	NKUMA44		
Class 2017	resource	NetID	SPERGAM		
Class 2017	resource	NetID	JGGOODM		
Class 2017	resource	NetID	KMAYERS		
Class 2017	resource	NetID	LGAO25		
Class 2017	resource	NetID	HTHOMSO		
Class 2017	resource	NetID	SAGUILE		
Class 2017	resource	NetID	BHEWITS		
Class 2017	resource	NetID	AMAMARI		
Class 2017	resource	NetID	RDECUBA		
Class 2017	resource	NetID	ATURKAS		
Class 2017	resource	NetID	CFAUCHE		
Class 2017	resource	NetID	CZHAN85		
Class 2017	resource	NetID	SDOKKU		
Class 2017	resource	NetID	CVERCAM		
Class 2017	resource	NetID	EWALSH5		
Class 2017	resource	NetID	AMMONTA		
Class 2017	resource	NetID	JLE2279		
Class 2017	resource	NetID	DKWATKI		
Class 2017	resource	NetID	ALCAMP		
Class 2017	resource	NetID	EMPEREI		
Class 2017	resource	NetID	HHASEGA		
Class 2017	resource	NetID	SHUGHE8		
Class 2017	resource	NetID	JLE2379		
Class 2017	resource	NetID	KLEE296		
Class 2017	resource	NetID	JLE2288		
Class 2017	resource	NetID	AWU26		
Class 2017	resource	NetID	JCHAY2		
Class 2017	resource	NetID	NSOGOLO		
Class 2017	resource	NetID	FLAND		
Class 2017	resource	NetID	JBOLANO		
Class 2017	resource	NetID	LJIA9		
Class 2017	resource	NetID	SLAVIN		
Class 2017	resource	NetID	CBLOOMB		
Class 2017	resource	NetID	PADHIK3		
Class 2017	resource	NetID	MCKRAFT		
Class 2017	resource	NetID	XZHA274		
Class 2017	resource	NetID	WWANG82		
Class 2017	resource	NetID	SBAKOR		
Class 2017	resource	NetID	JLI224		
Class 2017	resource	NetID	MDDESOR		
Class 2017	resource	NetID	NBANSA8		
Class 2017	resource	NetID	TMA22		
Class 2017	resource	NetID	RBZHOU		
Class 2017	resource	NetID	SZHA227		
Class 2017	resource	NetID	SCORTNE		
Class 2017	resource	NetID	SDHESSE		
Class 2017	resource	NetID	DPARTAI		
Class 2017	resource	NetID	JGALE2		
Class 2017	resource	NetID	SRSAINI		
Class 2017	resource	NetID	SKIM795		
Class 2017	resource	NetID	APROKOP		
Class 2017	resource	NetID	HVSINGH		
Class 2017	resource	NetID	ZYORK		
Class 2017	resource	NetID	RKLI		
Class 2017	resource	NetID	SJABER2		
Class 2017	resource	NetID	ANIAZY		
Class 2017	resource	NetID	RGILSON		
Class 2017	resource	NetID	AGEFFIN		
Class 2017	resource	NetID	NMOREAU		
Class 2017	resource	NetID	XCHENG9		
Class 2017	resource	NetID	PVGARCI		
Class 2017	resource	NetID	HZELDES		
Class 2017	resource	NetID	MLIPOW		
Class 2017	resource	NetID	BLONG2		
Class 2017	resource	NetID	MCCOLL4		
Class 2017	resource	NetID	EPWELCH		
Class 2017	resource	NetID	BMUSIAL		
Class 2017	resource	NetID	JDWALK4		
Class 2017	resource	NetID	LKIRTLE		
Class 2017	resource	NetID	EYSIM		
Class 2017	resource	NetID	AAGHJAY		
Class 2017	resource	NetID	MLMCNAI		
Class 2017	resource	NetID	OHOPKIN		
Class 2017	resource	NetID	ESTOKE2		
Class 2017	resource	NetID	DKATAKY		
Class 2017	resource	NetID	LREYNO4		
Class 2017	resource	NetID	HYOKELE		
Class 2017	resource	NetID	JFTAMBA		
Class 2017	resource	NetID	BSHANKA		
Class 2017	resource	NetID	MSISARI		
Class 2017	resource	NetID	VCHUA		
Class 2017	resource	NetID	SHARR26		
Class 2017	resource	NetID	AMEDIN5		
Class 2017	resource	NetID	VRCONST		
Class 2017	resource	NetID	MPHILI4		
Class 2017	resource	NetID	CGINALI		
Class 2017	resource	NetID	RSABNIS		
Class 2017	resource	NetID	JRICE26		
Class 2017	resource	NetID	KJMOSS		
Class 2017	resource	NetID	JANDREJ		
Class 2017	resource	NetID	ZLI242		
Class 2017	resource	NetID	SCRUZ4		
Class 2017	resource	NetID	YGO4		
Class 2017	resource	NetID	JMACKEL		
Class 2017	resource	NetID	SBURZIL		
Class 2017	resource	NetID	JCTANG3		
Class 2017	resource	NetID	ISPARK		
Class 2017	resource	NetID	TNEAL2		
Class 2017	resource	NetID	AEHAQ		
Class 2017	resource	NetID	HSCHLOS		
Class 2017	resource	NetID	SPOCHIR		
Class 2017	resource	NetID	ACJONE6		
Class 2017	resource	NetID	DHERVEY		
Class 2017	resource	NetID	CCHOI37		
Class 2017	resource	NetID	OOTHOMP		
Class 2017	resource	NetID	DMARHAN		
Class 2017	resource	NetID	YLIU354		
Class 2017	resource	NetID	ACLEAVE		
Class 2017	resource	NetID	JKGRIF2		
Class 2017	resource	NetID	LJONE33		
Class 2017	resource	NetID	GBELLIS		
Class 2017	resource	NetID	KAVANCE		
Class 2017	resource	NetID	KPSHETH		
Class 2017	resource	NetID	LATILLA		
Class 2017	resource	NetID	SKIM858		
Class 2017	resource	NetID	SVALLA3		
Class 2017	resource	NetID	EMATIS		
Class 2017	resource	NetID	ADOSHI6		
Class 2017	resource	NetID	RFLIKIE		
Class 2017	resource	NetID	ABEYER3		
Class 2017	resource	NetID	JFREGER		
Class 2017	resource	NetID	MEKAUF2		
Class 2017	resource	NetID	NSUMTER		
Class 2017	resource	NetID	KOCHILD		
Class 2017	resource	NetID	NDHRUV		
Class 2017	resource	NetID	NDOAN2		
Class 2017	resource	NetID	DWATSO9		
Class 2017	resource	NetID	FPEREI2		
Class 2017	resource	NetID	TSUBRA2		
Class 2017	resource	NetID	HMEYER2		
Class 2017	resource	NetID	ASKELLY		
Class 2017	resource	NetID	PATHOM3		
Class 2017	resource	NetID	KPOSA		
Class 2017	resource	NetID	SJWITTE		
Class 2017	resource	NetID	RREDGRA		
Class 2017	resource	NetID	RSHEEDY		
Class 2017	resource	NetID	SAWEIN2		
Class 2017	resource	NetID	BWEST2		
Class 2017	resource	NetID	SRHEE6		
Class 2017	resource	NetID	SSAHANI		
Class 2017	resource	NetID	GSWINNE		
Class 2017	resource	NetID	OFABRE		
Class 2017	resource	NetID	JZHA247		
Class 2017	resource	NetID	MJBAUM		
Class 2017	resource	NetID	ZMOUNTC		
Class 2017	resource	NetID	CFGENOV		
Class 2017	resource	NetID	LHOROW2		
Class 2017	resource	NetID	JYSHIN8		
Class 2017	resource	NetID	RSHAREE		
Class 2017	resource	NetID	PMOOK		
Class 2017	resource	NetID	SRAD		
Class 2017	resource	NetID	YGUO54		
Class 2017	resource	NetID	CBIREN		
Class 2017	resource	NetID	LHE9		
Class 2017	resource	NetID	RSTIMPH		
Class 2017	resource	NetID	YZHOU96		
Class 2017	resource	NetID	NZHOU5		
Class 2017	resource	NetID	OTAIWO		
Class 2017	resource	NetID	FLUCACI		
Class 2017	resource	NetID	HZIEGL2		
Class 2017	resource	NetID	MABIRNB		
Class 2017	resource	NetID	CLIN82		
Class 2017	resource	NetID	ADABBAT		
Class 2017	resource	NetID	NCHOI7		
Class 2017	resource	NetID	CYANG48		
Class 2017	resource	NetID	CYU36		
Class 2017	resource	NetID	TZHAN48		
Class 2017	resource	NetID	DSCHWAP		
Class 2017	resource	NetID	BCROMER		
Class 2017	resource	NetID	JWEEG		
Class 2017	resource	NetID	RMODY3		
Class 2017	resource	NetID	MJAIN6		
Class 2017	resource	NetID	DEGENBU		
Class 2017	resource	NetID	HSONG57		
Class 2017	resource	NetID	ASUCKOW		
Class 2017	resource	NetID	GPELLET		
Class 2017	resource	NetID	GTHA		
Class 2017	resource	NetID	YDENG25		
Class 2017	resource	NetID	AGALINS		
Class 2017	resource	NetID	SPAXTO2		
Class 2017	resource	NetID	SRAVIK4		
Class 2017	resource	NetID	MBROW64		
Class 2017	resource	NetID	CANI		
Class 2017	resource	NetID	JASPITZ		
Class 2017	resource	NetID	SKARON		
Class 2017	resource	NetID	SCASSE2		
Class 2017	resource	NetID	JOLIVE6		
Class 2017	resource	NetID	MWYATT2		
Class 2017	resource	NetID	SHAN88		
Class 2017	resource	NetID	YCHE427		
Class 2017	resource	NetID	WMBURKE		
Class 2017	resource	NetID	CLEE295		
Class 2017	resource	NetID	EKLIANG		
Class 2017	resource	NetID	GMAGAM		
Class 2017	resource	NetID	ABURNS7		
Class 2017	resource	NetID	RBLOM		
Class 2017	resource	NetID	SJASAN2		
Class 2017	resource	NetID	VMCMAKI		
Class 2017	resource	NetID	CONWU		
Class 2017	resource	NetID	JCPOTTS		
Class 2017	resource	NetID	OROCKMA		
Class 2017	resource	NetID	CDLAMB		
Class 2017	resource	NetID	SLI227		
Class 2017	resource	NetID	JCHO287		
Class 2017	resource	NetID	SWAHAB		
Class 2017	resource	NetID	MHANN		
Class 2017	resource	NetID	APONGOS		
Class 2017	resource	NetID	SFLOMEN		
Class 2017	resource	NetID	ZLINDGR		
Class 2017	resource	NetID	ESAYRE		
Class 2017	resource	NetID	YCHE452		
Class 2017	resource	NetID	AHWONG2		
Class 2017	resource	NetID	JTAN27		
Class 2017	resource	NetID	YLEE354		
Class 2017	resource	NetID	ZLUO22		
Class 2017	resource	NetID	PBURRIS		
Class 2017	resource	NetID	SSHEN34		
Class 2017	resource	NetID	SCHO93		
Class 2017	resource	NetID	SLEGAMA		
Class 2017	resource	NetID	RPELIA		
Class 2017	resource	NetID	NZIPURS		
Class 2017	resource	NetID	SGOODM3		
Class 2017	resource	NetID	MRASHI4		
Class 2017	resource	NetID	AWANG56		
Class 2017	resource	NetID	JLENCHN		
Class 2017	resource	NetID	YZHA396		
Class 2017	resource	NetID	RMHABER		
Class 2017	resource	NetID	CMALEX2		
Class 2017	resource	NetID	YXING5		
Class 2017	resource	NetID	JYIN25		
Class 2017	resource	NetID	LELFASS		
Class 2017	resource	NetID	YLIU374		
Class 2017	resource	NetID	JPUGHES		
Class 2017	resource	NetID	KRAVIPA		
Class 2017	resource	NetID	AGOGATE		
Class 2017	resource	NetID	AAGREE2		
Class 2017	resource	NetID	BPENG7		
Class 2017	resource	NetID	MROJAS2		
Class 2017	resource	NetID	CSHYTLE		
Class 2017	resource	NetID	JSOH7		
Class 2017	resource	NetID	DKIM422		
Class 2017	resource	NetID	RBHAGOW		
Class 2017	resource	NetID	HSCHAF		
Class 2017	resource	NetID	MSUZUK3		
Class 2017	resource	NetID	MMOUNTY		
Class 2017	resource	NetID	PPMONDA		
Class 2017	resource	NetID	CDCONCE		
Class 2017	resource	NetID	JGTEICH		
Class 2017	resource	NetID	MGRUBE3		
Class 2017	resource	NetID	WSAID		
Class 2017	resource	NetID	NKUFFOU		
Class 2017	resource	NetID	JCOLES		
Class 2017	resource	NetID	LCHEN96		
Class 2017	resource	NetID	IKRAUS		
Class 2017	resource	NetID	XCHEN85		
Class 2017	resource	NetID	RPAGULA		
Class 2017	resource	NetID	SEUN5		
Class 2017	resource	NetID	ADQUIRK		
Class 2017	resource	NetID	JCHE282		
Class 2017	resource	NetID	ATUMBAC		
Class 2017	resource	NetID	NVENKA4		
Class 2017	resource	NetID	AKOWAL6		
Class 2017	resource	NetID	ARIM4		
Class 2017	resource	NetID	BHU9		
Class 2017	resource	NetID	ABOATE2		
Class 2017	resource	NetID	LGULIAS		
Class 2017	resource	NetID	SBASHMA		
Class 2017	resource	NetID	OADEAGB		
Class 2017	resource	NetID	CZIMM		
Class 2017	resource	NetID	ARIAD		
Class 2017	resource	NetID	YHAN47		
Class 2017	resource	NetID	JBAUTI2		
Class 2017	resource	NetID	JYU66		
Class 2017	resource	NetID	KSHETHI		
Class 2017	resource	NetID	KSU6		
Class 2017	resource	NetID	XZHA276		
Class 2017	resource	NetID	IUMADIA		
Class 2017	resource	NetID	SAHASHI		
Class 2017	resource	NetID	JBUSMAN		
Class 2017	resource	NetID	AMREYES		
Class 2017	resource	NetID	HSURAIY		
Class 2017	resource	NetID	CDHAMMA		
Class 2017	resource	NetID	AVANGOR		
Class 2017	resource	NetID	YJO5		
Class 2017	resource	NetID	EMCISAA		
Class 2017	resource	NetID	JKATZ28		
Class 2017	resource	NetID	MNESTOR		
Class 2017	resource	NetID	KMONK2		
Class 2017	resource	NetID	KYMCINT		
Class 2017	resource	NetID	TAMOON		
Class 2017	resource	NetID	XHUAN65		
Class 2017	resource	NetID	JHSU26		
Class 2017	resource	NetID	ETOTCHI		
Class 2017	resource	NetID	KGJUERG		
Class 2017	resource	NetID	MBLEIBE		
Class 2017	resource	NetID	YKIM498		
Class 2017	resource	NetID	SLHERTZ		
Class 2017	resource	NetID	AHEAVEN		
Class 2017	resource	NetID	CMEYER7		
Class 2017	resource	NetID	NCAM		
Class 2017	resource	NetID	MBERNS		
Class 2017	resource	NetID	FLAINE		
Class 2017	resource	NetID	ABGREE5		
Class 2017	resource	NetID	MKELL22		
Class 2017	resource	NetID	JFRIE29		
Class 2017	resource	NetID	KEECHA2		
Class 2017	resource	NetID	HYANG78		
Class 2017	resource	NetID	NRLAL		
Class 2017	resource	NetID	ESCHLO3		
Class 2017	resource	NetID	ARBOUDR		
Class 2017	resource	NetID	MGANNOT		
Class 2017	resource	NetID	CSBROW7		
Class 2017	resource	NetID	NBULL		
Class 2017	resource	NetID	STPERRY		
Class 2017	resource	NetID	JSOLAN2		
Class 2017	resource	NetID	KSWIGER		
Class 2017	resource	NetID	CKONTOG		
Class 2017	resource	NetID	RMEHT26		
Class 2017	resource	NetID	ASVIRAN		
Class 2017	resource	NetID	TNMASON		
Class 2017	resource	NetID	FNWALKE		
Class 2017	resource	NetID	ARHEE2		
Class 2017	resource	NetID	KYANG36		
Class 2017	resource	NetID	DDABBAR		
Class 2017	resource	NetID	PGEBAUE		
Class 2017	resource	NetID	LGU8		
Class 2017	resource	NetID	GMICHAE		
Class 2017	resource	NetID	ASUN9		
Class 2017	resource	NetID	VSPINKS		
Class 2017	resource	NetID	AHERBET		
Class 2017	resource	NetID	SMUSSA		
Class 2017	resource	NetID	MATAN		
Class 2017	resource	NetID	JHCHA		
Class 2017	resource	NetID	CTDAHLB		
Class 2017	resource	NetID	AMANJI2		
Class 2017	resource	NetID	HMILL22		
Class 2017	resource	NetID	IMBECER		
Class 2017	resource	NetID	BKLARMA		
Class 2017	resource	NetID	FKOTHAR		
Class 2017	resource	NetID	RHENKIN		
Class 2017	resource	NetID	ATRIGGS		
Class 2017	resource	NetID	CLHIPP		
Class 2017	resource	NetID	MMMIRZA		
Class 2017	resource	NetID	BFITCH2		
Class 2017	resource	NetID	AASCOT2		
Class 2017	resource	NetID	EWINOKU		
Class 2017	resource	NetID	TLATT		
Class 2017	resource	NetID	DGODON		
Class 2017	resource	NetID	NKANIUT		
Class 2017	resource	NetID	ESPEAR2		
Class 2017	resource	NetID	MAMEGAD		
Class 2017	resource	NetID	NNGOMEZ		
Class 2017	resource	NetID	TWCARSW		
Class 2017	resource	NetID	XWAN364		
Class 2017	resource	NetID	KMEHRA2		
Class 2017	resource	NetID	JLEBED		
Class 2017	resource	NetID	ZZHA246		
Class 2017	resource	NetID	KPATAKI		
Class 2017	resource	NetID	SCHAMB6		
Class 2017	resource	NetID	JSMARKS		
Class 2017	resource	NetID	LJOHN39		
Class 2017	resource	NetID	ZYOU2		
Class 2017	resource	NetID	MMNELS2		
Class 2017	resource	NetID	SPAR373		
Class 2017	resource	NetID	KECOOP3		
Class 2017	resource	NetID	RRIZK		
Class 2017	resource	NetID	DKAMARA		
Class 2017	resource	NetID	MNEAL5		
Class 2017	resource	NetID	KTRINKA		
Class 2017	resource	NetID	AEUREYE		
Class 2017	resource	NetID	TSONG6		
Class 2017	resource	NetID	NSHAH44		
Class 2017	resource	NetID	YCHE437		
Class 2017	resource	NetID	DCHENEY		
Class 2017	resource	NetID	PPENTZA		
Class 2017	resource	NetID	SCLANTO		
Class 2017	resource	NetID	PADABLA		
Class 2017	resource	NetID	YYAN259		
Class 2017	resource	NetID	HHEITZ		
Class 2017	resource	NetID	LZHA246		
Class 2017	resource	NetID	VKARTH2		
Class 2017	resource	NetID	SAALI7		
Class 2017	resource	NetID	RLIU42		
Class 2017	resource	NetID	KLEE322		
Class 2017	resource	NetID	JCACER2		
Class 2017	resource	NetID	IKHAN5		
Class 2017	resource	NetID	MDEW		
Class 2017	resource	NetID	KTRINID		
Class 2017	resource	NetID	KPARK82		
Class 2017	resource	NetID	KNATH		
Class 2017	resource	NetID	DIKANG		
Class 2017	resource	NetID	JBEYERJ		
Class 2017	resource	NetID	TAGNIHO		
Class 2017	resource	NetID	YKIM526		
Class 2017	resource	NetID	JCHYLIN		
Class 2017	resource	NetID	MALEXA8		
Class 2017	resource	NetID	MECHAUD		
Class 2017	resource	NetID	DKANTAR		
Class 2017	resource	NetID	CQIU4		
Class 2017	resource	NetID	CBARKE2		
Class 2017	resource	NetID	SBOGINS		
Class 2017	resource	NetID	GSHULER		
Class 2017	resource	NetID	YPEI4		
Class 2017	resource	NetID	KDCASTE		
Class 2017	resource	NetID	MELIAS2		
Class 2017	resource	NetID	RPAT226		
Class 2017	resource	NetID	AWALK35		
Class 2017	resource	NetID	RMGILLE		
Class 2017	resource	NetID	ZHUA		
Class 2017	resource	NetID	TLI45		
Class 2017	resource	NetID	MKIRKEN		
Class 2017	resource	NetID	KMAYNA2		
Class 2017	resource	NetID	CSTECHM		
Class 2017	resource	NetID	ARUBI22		
Class 2017	resource	NetID	RFEIN2		
Class 2017	resource	NetID	LNICHAM		
Class 2017	resource	NetID	ALARA3		
Class 2017	resource	NetID	AABDUSH		
Class 2017	resource	NetID	KLOWE3		
Class 2017	resource	NetID	SSTOBBS		
Class 2017	resource	NetID	CKIM246		
Class 2017	resource	NetID	ENORFOR		
Class 2017	resource	NetID	ZCARLS2		
Class 2017	resource	NetID	FMAJID2		
Class 2017	resource	NetID	ESANCH7		
Class 2017	resource	NetID	LSTHOMP		
Class 2017	resource	NetID	MCAMP27		
Class 2017	resource	NetID	SCOHE29		
Class 2017	resource	NetID	ATOFEL		
Class 2017	resource	NetID	PYAMIN		
Class 2017	resource	NetID	MOLAYEY		
Class 2017	resource	NetID	WSEERY		
Class 2017	resource	NetID	JNTAYL2		
Class 2017	resource	NetID	EKAMINE		
Class 2017	resource	NetID	KLEE299		
Class 2017	resource	NetID	JLE2335		
Class 2017	resource	NetID	JMOOR35		
Class 2017	resource	NetID	JCNELSO		
Class 2017	resource	NetID	TKARGMA		
Class 2017	resource	NetID	HLEE293		
Class 2017	resource	NetID	SKDHANA		
Class 2017	resource	NetID	GNUNEZ		
Class 2017	resource	NetID	JBERTRA		
Class 2017	resource	NetID	EWARNE2		
Class 2017	resource	NetID	SHWAN55		
Class 2017	resource	NetID	LKVARZI		
Class 2017	resource	NetID	YLEE363		
Class 2017	resource	NetID	HKRAKOV		
Class 2017	resource	NetID	DABERGE		
Class 2017	resource	NetID	APALOME		
Class 2017	resource	NetID	MCRAWF6		
Class 2017	resource	NetID	ACAPRIL		
Class 2017	resource	NetID	EKOPOSO		
Class 2017	resource	NetID	VONG		
Class 2017	resource	NetID	GHERNA7		
Class 2017	resource	NetID	TERVIN		
Class 2017	resource	NetID	JNARDON		
Class 2017	resource	NetID	ZAHARRI		
Class 2017	resource	NetID	YSHAO7		
Class 2017	resource	NetID	DCHOI39		
Class 2017	resource	NetID	AKIM98		
Class 2017	resource	NetID	HPHILL3		
Class 2017	resource	NetID	SALI46		
Class 2017	resource	NetID	EMITC23		
Class 2017	resource	NetID	ITURAN		
Class 2017	resource	NetID	KNJOHN7		
Class 2017	resource	NetID	KBOUGUY		
Class 2017	resource	NetID	RJACO22		
Class 2017	resource	NetID	AFORY		
Class 2017	resource	NetID	JCHO58		
Class 2017	resource	NetID	SLIU225		
Class 2017	resource	NetID	MKCHOUD		
Class 2017	resource	NetID	AMAHTAN		
Class 2017	resource	NetID	MTOMINA		
Class 2017	resource	NetID	MFRAN25		
Class 2017	resource	NetID	JMIN32		
Class 2017	resource	NetID	AZFREED		
Class 2017	resource	NetID	AGOULD3		
Class 2017	resource	NetID	RTHOM28		
Class 2017	resource	NetID	MMCBANE		
Class 2017	resource	NetID	KHERNA8		
Class 2017	resource	NetID	SMRICE		
Class 2017	resource	NetID	AREGAL		
Class 2017	resource	NetID	RMCCORT		
Class 2017	resource	NetID	TSHABAN		
Class 2017	resource	NetID	SKANG73		
Class 2017	resource	NetID	ZAOUSSO		
Class 2017	resource	NetID	ZOUYAN4		
Class 2017	resource	NetID	JMOR2		
Class 2017	resource	NetID	CBDUNC2		
Class 2017	resource	NetID	SNAFICY		
Class 2017	resource	NetID	SHADAR		
Class 2017	resource	NetID	KKELLE6		
Class 2017	resource	NetID	MKIM447		
Class 2017	resource	NetID	YZHOU98		
Class 2017	resource	NetID	LDIETTE		
Class 2017	resource	NetID	EDORENB		
Class 2017	resource	NetID	NELDRE2		
Class 2017	resource	NetID	BGUO6		
Class 2017	resource	NetID	NRIVER4		
Class 2017	resource	NetID	AJOHN92		
Class 2017	resource	NetID	TBWILS2		
Class 2017	resource	NetID	NMADDI2		
Class 2017	resource	NetID	NDHARA3		
Class 2017	resource	NetID	JBSTAFF		
Class 2017	resource	NetID	MZHOU39		
Class 2017	resource	NetID	AVPATE9		
Class 2017	resource	NetID	MLGALVI		
Class 2017	resource	NetID	EREIGEL		
Class 2017	resource	NetID	ATORRE3		
Class 2017	resource	NetID	JPAR632		
Class 2017	resource	NetID	SRJACOB		
Class 2017	resource	NetID	ABLINKO		
Class 2017	resource	NetID	YXU224		
Class 2017	resource	NetID	ZLIN22		
Class 2017	resource	NetID	APOCKRO		
Class 2017	resource	NetID	MZHU36		
Class 2017	resource	NetID	PRIEFKO		
Class 2017	resource	NetID	AMODONN		
Class 2017	resource	NetID	KSPHILI		
Class 2017	resource	NetID	HVANPET		
Class 2017	resource	NetID	EMCEWEN		
Class 2017	resource	NetID	AKOKKIN		
Class 2017	resource	NetID	BWEISS7		
Class 2017	resource	NetID	RTANGUT		
Class 2017	resource	NetID	KSONG8		
Class 2017	resource	NetID	KBEHBAH		
Class 2017	resource	NetID	SSILBE2		
Class 2017	resource	NetID	AEKADI		
Class 2017	resource	NetID	CGREGO3		
Class 2017	resource	NetID	NLOPEZ3		
Class 2017	resource	NetID	AWOLYNI		
Class 2017	resource	NetID	URAJ		
Class 2017	resource	NetID	EGERSHO		
Class 2017	resource	NetID	ACHAN57		
Class 2017	resource	NetID	SEDUVAL		
Class 2017	resource	NetID	BAMARA		
Class 2017	resource	NetID	SBBURAC		
Class 2017	resource	NetID	SKAUFM6		
Class 2017	resource	NetID	LHA		
Class 2017	resource	NetID	PSPATOL		
Class 2017	resource	NetID	TGERGEL		
Class 2017	resource	NetID	ZAN2		
Class 2017	resource	NetID	APAT242		
Class 2017	resource	NetID	DGILDER		
Class 2017	resource	NetID	JESPIN5		
Class 2017	resource	NetID	EXALTMA		
Class 2017	resource	NetID	ZELFEN2		
Class 2017	resource	NetID	SWETZST		
Class 2017	resource	NetID	YMA48		
Class 2017	resource	NetID	PCILIAX		
Class 2017	resource	NetID	MGADSDE		
Class 2017	resource	NetID	MDRY		
Class 2017	resource	NetID	SPERLM2		
Class 2017	resource	NetID	ASTERN7		
Class 2017	resource	NetID	ZBAYER		
Class 2017	resource	NetID	TLEHMBE		
Class 2017	resource	NetID	ZBOISE		
Class 2017	resource	NetID	STBELAY		
Class 2017	resource	NetID	ICHUNG6		
Class 2017	resource	NetID	SKRIPA3		
Class 2017	resource	NetID	NSOSNIC		
Class 2017	resource	NetID	WJUNG8		
Class 2017	resource	NetID	NSHALLW		
Class 2017	resource	NetID	KCBUI		
Class 2017	resource	NetID	MMULLEN		
Class 2017	resource	NetID	KDNELSO		
Class 2017	resource	NetID	WYUAN2		
Class 2017	resource	NetID	KRLERNE		
Class 2017	resource	NetID	MPADDO2		
Class 2017	resource	NetID	YGUO46		
Class 2017	resource	NetID	NAREHAR		
Class 2017	resource	NetID	CEGBULE		
Class 2017	resource	NetID	CMSPALL		
Class 2017	resource	NetID	JSSATTE		
Class 2017	resource	NetID	JBYUN26		
Class 2017	resource	NetID	NBARASC		
Class 2017	resource	NetID	AJIWAN7		
Class 2017	resource	NetID	EAHN9		
Class 2017	resource	NetID	DVENTUR		
Class 2017	resource	NetID	AALTER2		
Class 2017	resource	NetID	SYI27		
Class 2017	resource	NetID	ASROCHI		
Class 2017	resource	NetID	OMRAHMA		
Class 2017	resource	NetID	YTANG44		
Class 2017	resource	NetID	NSAWYE5		
Class 2017	resource	NetID	NPARAS2		
Class 2017	resource	NetID	EVELLIO		
Class 2017	resource	NetID	WDOOLEY		
Class 2017	resource	NetID	VSRINI7		
Class 2017	resource	NetID	JMIRVIS		
Class 2017	resource	NetID	JEJOSE		
Class 2017	resource	NetID	KKCHI		
Class 2017	resource	NetID	YYU64		
Class 2017	resource	NetID	NCHERRY		
Class 2017	resource	NetID	KVEATOR		
Class 2017	resource	NetID	ZYIN6		
Class 2017	resource	NetID	SJIN28		
Class 2017	resource	NetID	NCHOU		
Class 2017	resource	NetID	DMORGA5		
Class 2017	resource	NetID	SSHEN26		
Class 2017	resource	NetID	NGRIVER		
Class 2017	resource	NetID	SLEE744		
Class 2017	resource	NetID	RTISDAL		
Class 2017	resource	NetID	PLEISTI		
Class 2017	resource	NetID	FHOXHA2		
Class 2017	resource	NetID	JNKWOCH		
Class 2017	resource	NetID	WMARSH2		
Class 2017	resource	NetID	ESERRAN		
Class 2017	resource	NetID	JCAO22		
Class 2017	resource	NetID	CZHONG2		
Class 2017	resource	NetID	SBERGE7		
Class 2017	resource	NetID	BBELLAM		
Class 2017	resource	NetID	CGERSH		
Class 2017	resource	NetID	YLI242		
Class 2017	resource	NetID	JLSHAFF		
Class 2017	resource	NetID	ASTHAKK		
Class 2017	resource	NetID	GLBROWN		
Class 2017	resource	NetID	RMPORTE		
Class 2017	resource	NetID	SSPARI2		
Class 2017	resource	NetID	NVERMA9		
Class 2017	resource	NetID	YDING47		
Class 2017	resource	NetID	NTOBACK		
Class 2017	resource	NetID	TGU3		
Class 2017	resource	NetID	SGOTTFR		
Class 2017	resource	NetID	RSING36		
Class 2017	resource	NetID	GCLARK2		
Class 2017	resource	NetID	CSCHMI5		
Class 2017	resource	NetID	AFATYKH		
Class 2017	resource	NetID	NSHAH43		
Class 2017	resource	NetID	KMORRO3		
Class 2017	resource	NetID	PWONG4		
Class 2017	resource	NetID	BSTUDNI		
Class 2017	resource	NetID	SCHE228		
Class 2017	resource	NetID	JGIBERS		
Class 2017	resource	NetID	ADAGUE		
Class 2017	resource	NetID	JBRONIE		
Class 2017	resource	NetID	JHARMO5		
Class 2017	resource	NetID	MHEKER		
Class 2017	resource	NetID	MMAZURS		
Class 2017	resource	NetID	MGOMEZM		
Class 2017	resource	NetID	KBAKE23		
Class 2017	resource	NetID	LFIELD6		
Class 2017	resource	NetID	ASUH6		
Class 2017	resource	NetID	BAMILL6		
Class 2017	resource	NetID	TFOSTE5		
Class 2017	resource	NetID	OODUSOT		
Class 2017	resource	NetID	AHARROL		
Class 2017	resource	NetID	MVO4		
Class 2017	resource	NetID	LBENES		
Class 2017	resource	NetID	SNUGEN3		
Class 2017	resource	NetID	IXU2		
Class 2017	resource	NetID	TLAWRE5		
Class 2017	resource	NetID	EALEE4		
Class 2017	resource	NetID	YLIAN43		
Class 2017	resource	NetID	CSLIU		
Class 2017	resource	NetID	LDIXON5		
Class 2017	resource	NetID	BNGUY23		
Class 2017	resource	NetID	KHARUNK		
Class 2017	resource	NetID	MCONCES		
Class 2017	resource	NetID	VPACHIS		
Class 2017	resource	NetID	LLIU63		
Class 2017	resource	NetID	ACHIORI		
Class 2017	resource	NetID	JHRUBIN		
Class 2017	resource	NetID	ZLASOYA		
Class 2017	resource	NetID	KHEDAYA		
Class 2017	resource	NetID	WXU46		
Class 2017	resource	NetID	CJTHOM9		
Class 2017	resource	NetID	XHAO		
Class 2017	resource	NetID	LZHA245		
Class 2017	resource	NetID	MRUBIN7		
Class 2017	resource	NetID	CHLE		
Class 2017	resource	NetID	AFRANCE		
Class 2017	resource	NetID	MFOX9		
Class 2017	resource	NetID	CKIMBA2		
Class 2017	resource	NetID	BCSCHRO		
Class 2017	resource	NetID	KTADAM2		
Class 2017	resource	NetID	ATBANDY		
Class 2017	resource	NetID	JLE2376		
Class 2017	resource	NetID	EBURDZI		
Class 2017	resource	NetID	TSING27		
Class 2017	resource	NetID	HGRAMLI		
Class 2017	resource	NetID	KZAMAN3		
Class 2017	resource	NetID	JSTEW24		
Class 2017	resource	NetID	YWU224		
Class 2017	resource	NetID	MJANG9		
Class 2017	resource	NetID	BCHUNG8		
Class 2017	resource	NetID	ELITT22		
Class 2017	resource	NetID	KRATNAN		
Class 2017	resource	NetID	RBOSSMA		
Class 2017	resource	NetID	YWAN523		
Class 2017	resource	NetID	KSRIKUR		
Class 2017	resource	NetID	MSTUDDA		
Class 2017	resource	NetID	MLSATTE		
Class 2017	resource	NetID	ASHIFRE		
Class 2017	resource	NetID	BMROBI2		
Class 2017	resource	NetID	JFMARGO		
Class 2017	resource	NetID	EGREE28		
Class 2017	resource	NetID	ANATH3		
Class 2017	resource	NetID	AVILLA7		
Class 2017	resource	NetID	SLROGE3		
Class 2017	resource	NetID	BKOSTIG		
Class 2017	resource	NetID	NGGRAHA		
Class 2017	resource	NetID	CSRBENY		
Class 2017	resource	NetID	RMA8		
Class 2017	resource	NetID	UDESHMU		
Class 2017	resource	NetID	NCHEN25		
Class 2017	resource	NetID	DSETH3		
Class 2017	resource	NetID	ATMORGA		
Class 2017	resource	NetID	VISONS		
Class 2017	resource	NetID	FGRIFF2		
Class 2017	resource	NetID	RDMUKHE		
Class 2017	resource	NetID	AWRAY2		
Class 2017	resource	NetID	OESTRAD		
Class 2017	resource	NetID	ATYSHKO		
Class 2017	resource	NetID	KMOHIDE		
Class 2017	resource	NetID	SBUNSHA		
Class 2017	resource	NetID	GJOHAL		
Class 2017	resource	NetID	CYANG45		
Class 2017	resource	NetID	VLOEFFL		
Class 2017	resource	NetID	XLI227		
Class 2017	resource	NetID	HHARRI5		
Class 2017	resource	NetID	FBERNAL		
Class 2017	resource	NetID	BPUTMAN		
Class 2017	resource	NetID	JKEATI2		
Class 2017	resource	NetID	LAMENDE		
Class 2017	resource	NetID	TMBARTH		
Class 2017	resource	NetID	HLI89		
Class 2017	resource	NetID	RGUERR3		
Class 2017	resource	NetID	MLIU67		
Class 2017	resource	NetID	RMOLINS		
Class 2017	resource	NetID	FFREEMA		
Class 2017	resource	NetID	AKOSIAK		
Class 2017	resource	NetID	JMINA		
Class 2017	resource	NetID	JTOLEDA		
Class 2017	resource	NetID	JCHAN82		
Class 2017	resource	NetID	SJSHAPE		
Class 2017	resource	NetID	NMRATNE		
Class 2017	resource	NetID	KMIRA		
Class 2017	resource	NetID	CHOSIER		
Class 2017	resource	NetID	JANNAM		
Class 2017	resource	NetID	DSU8		
Class 2017	resource	NetID	FTESEMA		
Class 2017	resource	NetID	TRICHIE		
Class 2017	resource	NetID	AHOWLEY		
Class 2017	resource	NetID	ZWAN249		
Class 2017	resource	NetID	REPARKS		
Class 2017	resource	NetID	JESALZM		
Class 2017	resource	NetID	CLOTH		
Class 2017	resource	NetID	TCAFRIT		
Class 2017	resource	NetID	ASCHAEN		
Class 2017	resource	NetID	SMITHWA		
Class 2017	resource	NetID	CHERNA9		
Class 2017	resource	NetID	RSOAT		
Class 2017	resource	NetID	EWLEE2		
Class 2017	resource	NetID	YROH3		
Class 2017	resource	NetID	JWERMAN		
Class 2017	resource	NetID	ACARPE5		
Class 2017	resource	NetID	NSCHAPM		
Class 2017	resource	NetID	SIKIM3		
Class 2017	resource	NetID	JSCHN22		
Class 2017	resource	NetID	EEKERN		
Class 2017	resource	NetID	TAKOHAR		
Class 2017	resource	NetID	JERAPPA		
Class 2017	resource	NetID	NZOHBI		
Class 2017	resource	NetID	DKANG38		
Class 2017	resource	NetID	KCAMILO		
Class 2017	resource	NetID	JBENEVE		
Class 2017	resource	NetID	JDMORAL		
Class 2017	resource	NetID	LSCHATZ		
Class 2017	resource	NetID	JBIRCHA		
Class 2017	resource	NetID	SJSIEGE		
Class 2017	resource	NetID	JCOTING		
Class 2017	resource	NetID	EREIDY		
Class 2017	resource	NetID	TMNEAL		
Class 2017	resource	NetID	EHERSCH		
Class 2017	resource	NetID	SCARP		
Class 2017	resource	NetID	KSAPATN		
Class 2017	resource	NetID	SHASAN6		
Class 2017	resource	NetID	SNJOSEP		
Class 2017	resource	NetID	MBENEVO		
Class 2017	resource	NetID	LMTHIES		
Class 2017	resource	NetID	YXIA34		
Class 2017	resource	NetID	SGAO9		
Class 2017	resource	NetID	CSPEAR4		
Class 2017	resource	NetID	SRCARRE		
Class 2017	resource	NetID	JCBULLO		
Class 2017	resource	NetID	KPATE58		
Class 2017	resource	NetID	ALROSS5		
Class 2017	resource	NetID	JEHECKM		
Class 2017	resource	NetID	PMUTYAL		
Class 2017	resource	NetID	MSLEVY		
Class 2017	resource	NetID	GNIKABA		
Class 2017	resource	NetID	ELEE243		
Class 2017	resource	NetID	GBNAM		
Class 2017	resource	NetID	CTTIEN		
Class 2017	resource	NetID	FTFERNA		
Class 2017	resource	NetID	LHOLZMA		
Class 2017	resource	NetID	JBSEXTO		
Class 2017	resource	NetID	WKELLY3		
Class 2017	resource	NetID	RBHARA2		
Class 2017	resource	NetID	WMORGA4		
Class 2017	resource	NetID	SFLORE5		
Class 2017	resource	NetID	XJIAN28		
Class 2017	resource	NetID	PLOUTHA		
Class 2017	resource	NetID	ALO3		
Class 2017	resource	NetID	AZECK		
Class 2017	resource	NetID	OSAHLMA		
Class 2017	resource	NetID	GMJOHN3		
Class 2017	resource	NetID	ANAMINI		
Class 2017	resource	NetID	NRJAREC		
Class 2017	resource	NetID	ADEWESE		
Class 2017	resource	NetID	JYOON62		
Class 2017	resource	NetID	SMATHU9		
Class 2017	resource	NetID	MPENG3		
Class 2017	resource	NetID	MDCOTTO		
Class 2017	resource	NetID	SPAR466		
Class 2017	resource	NetID	ELANDE3		
Class 2017	resource	NetID	JASCHUS		
Class 2017	resource	NetID	JASHUST		
Class 2017	resource	NetID	AORENS2		
Class 2017	resource	NetID	XLI239		
Class 2017	resource	NetID	KFMCGAN		
Class 2017	resource	NetID	ATRAN24		
Class 2017	resource	NetID	AMICEL2		
Class 2017	resource	NetID	RGAHWIL		
Class 2017	resource	NetID	ELITTL9		
Class 2017	resource	NetID	TFALLAH		
Class 2017	resource	NetID	JSMI243		
Class 2017	resource	NetID	CNYHEIM		
Class 2017	resource	NetID	JJOUFFR		
Class 2017	resource	NetID	LMAN		
Class 2017	resource	NetID	MSPICER		
Class 2017	resource	NetID	KBUNKLE		
Class 2017	resource	NetID	NHOLBRO		
Class 2017	resource	NetID	DBENERO		
Class 2017	resource	NetID	YHE54		
Class 2017	resource	NetID	DKKIM4		
Class 2017	resource	NetID	FRAJWAN		
Class 2017	resource	NetID	STUKUPO		
Class 2017	resource	NetID	AHOU2		
Class 2017	resource	NetID	SMAHER3		
Class 2017	resource	NetID	KPARK79		
Class 2017	resource	NetID	SCHE237		
Class 2017	resource	NetID	JBURTO6		
Class 2017	resource	NetID	JCHO322		
Class 2017	resource	NetID	RBAMFOR		
Class 2017	resource	NetID	ZSHEN25		
Class 2017	resource	NetID	JAZACHA		
Class 2017	resource	NetID	CDWHIT2		
Class 2017	resource	NetID	TRAJ		
Class 2017	resource	NetID	JMKAY		
Class 2017	resource	NetID	MWISE4		
Class 2017	resource	NetID	SSAMAN4		
Class 2017	resource	NetID	BGUH		
Class 2017	resource	NetID	KMCREYN		
Class 2017	resource	NetID	TMCGLAD		
Class 2017	resource	NetID	LCTAYL4		
Class 2017	resource	NetID	EBMELTZ		
Class 2017	resource	NetID	BWPLUMM		
Class 2017	resource	NetID	OOGUNNI		
Class 2017	resource	NetID	ZWAN252		
Class 2017	resource	NetID	JCHE278		
Class 2017	resource	NetID	ROKU		
Class 2017	resource	NetID	EAPLOTK		
Class 2017	resource	NetID	HPITTMA		
Class 2017	resource	NetID	SMADNI		
Class 2017	resource	NetID	XZHAO47		
Class 2017	resource	NetID	KWIND		
Class 2017	resource	NetID	JMLYU		
Class 2017	resource	NetID	JNEILSO		
Class 2017	resource	NetID	JDBARBA		
Class 2017	resource	NetID	NBBUTLE		
Class 2017	resource	NetID	XZHA287		
Class 2017	resource	NetID	BEMOOR3		
Class 2017	resource	NetID	ILEE43		
Class 2017	resource	NetID	ASCHRUM		
Class 2017	resource	NetID	JOBEROI		
Class 2017	resource	NetID	KMOSLE2		
Class 2017	resource	NetID	UNLEE		
Class 2017	resource	NetID	KNDAVI3		
Class 2017	resource	NetID	DKIDDER		
Class 2017	resource	NetID	JRLERNE		
Class 2017	resource	NetID	ABPEARS		
Class 2017	resource	NetID	JJEON32		
Class 2017	resource	NetID	JMOON47		
Class 2017	resource	NetID	AABDUL8		
Class 2017	resource	NetID	AKWEINS		
Class 2017	resource	NetID	NVALLAB		
Class 2017	resource	NetID	LLANCAS		
Class 2017	resource	NetID	LCAMAJ		
Class 2017	resource	NetID	KZARATE		
Class 2017	resource	NetID	SXUE5		
Class 2017	resource	NetID	AGOLD28		
Class 2017	resource	NetID	ZZHA238		
Class 2017	resource	NetID	NASALIN		
Class 2017	resource	NetID	JHONG72		
Class 2017	resource	NetID	KGRIFF5		
Class 2017	resource	NetID	SJO9		
Class 2017	resource	NetID	ALARA2		
Class 2017	resource	NetID	PTRAN6		
Class 2017	resource	NetID	KBADKHS		
Class 2017	resource	NetID	JGARBE4		
Class 2017	resource	NetID	XPAN23		
Class 2017	resource	NetID	HLIM27		
Class 2017	resource	NetID	SSOOD9		
Class 2017	resource	NetID	JCARROT		
Class 2017	resource	NetID	AZHUNO		
Class 2017	resource	NetID	DWROSEN		
Class 2017	resource	NetID	JDEVILL		
Class 2017	resource	NetID	HGIRSKY		
Class 2017	resource	NetID	AEMILLS		
Class 2017	resource	NetID	YLIU329		
Class 2017	resource	NetID	ADMENDE		
Class 2017	resource	NetID	BSY2		
Class 2017	resource	NetID	YSU28		
Class 2017	resource	NetID	MBERGH		
Class 2017	resource	NetID	MKUZMAN		
Class 2017	resource	NetID	MZHAN67		
Class 2017	resource	NetID	MBROW56		
Class 2017	resource	NetID	BBROUG2		
Class 2017	resource	NetID	XNAVARR		
Class 2017	resource	NetID	DKIBROM		
Class 2017	resource	NetID	ALI58		
Class 2017	resource	NetID	AGIRARD		
Class 2017	resource	NetID	CMUNDEN		
Class 2017	resource	NetID	HWAN265		
Class 2017	resource	NetID	ALOPE23		
Class 2017	resource	NetID	CADAVI6		
Class 2017	resource	NetID	BFUHR		
Class 2017	resource	NetID	CIKIM		
Class 2017	resource	NetID	ZFENG9		
Class 2017	resource	NetID	RWANG62		
Class 2017	resource	NetID	UUZOIGW		
Class 2017	resource	NetID	JROBE35		
Class 2017	resource	NetID	TPVO		
Class 2017	resource	NetID	EDEMEST		
Class 2017	resource	NetID	LHOWAR8		
Class 2017	resource	NetID	MCZHAI		
Class 2017	resource	NetID	JHESSLE		
Class 2017	resource	NetID	CGEORG9		
Class 2017	resource	NetID	JKADLER		
Class 2017	resource	NetID	GGUO		
Class 2017	resource	NetID	PSVENKA		
Class 2017	resource	NetID	SGSMIT3		
Class 2017	resource	NetID	AXU23		
Class 2017	resource	NetID	JMTERRY		
Class 2017	resource	NetID	SAJAME4		
Class 2017	resource	NetID	NSBURCH		
Class 2017	resource	NetID	GBRONSO		
Class 2017	resource	NetID	JSTARK2		
Class 2017	resource	NetID	MJKRAVI		
Class 2017	resource	NetID	LHUAN42		
Class 2017	resource	NetID	AGULAT5		
Class 2017	resource	NetID	JMMCCON		
Class 2017	resource	NetID	XZHA275		
Class 2017	resource	NetID	XTANG34		
Class 2017	resource	NetID	JAJETT		
Class 2017	resource	NetID	RCHEN37		
Class 2017	resource	NetID	JDMCCAR		
Class 2017	resource	NetID	JSHAH25		
Class 2017	resource	NetID	PSTEWA5		
Class 2017	resource	NetID	SMADDI2		
Class 2017	resource	NetID	IDESANT		
Class 2017	resource	NetID	SVALIA2		
Class 2017	resource	NetID	LVIAN		
Class 2017	resource	NetID	JWTERRY		
Class 2017	resource	NetID	RKLEIN5		
Class 2017	resource	NetID	WSUN27		
Class 2017	resource	NetID	AJLO		
Class 2017	resource	NetID	ALIPOW		
Class 2017	resource	NetID	GGARDNE		
Class 2017	resource	NetID	MRICE4		
Class 2017	resource	NetID	SDOSSET		
Class 2017	resource	NetID	EPARK54		
Class 2017	resource	NetID	SXU55		
Class 2017	resource	NetID	EARBISE		
Class 2017	resource	NetID	FSUNDST		
Class 2017	resource	NetID	LPCHOU		
Class 2017	resource	NetID	YWU235		
Class 2017	resource	NetID	DWALK25		
Class 2017	resource	NetID	LKESSL2		
Class 2017	resource	NetID	DKIKUCH		
Class 2017	resource	NetID	CEARCHE		
Class 2017	resource	NetID	JSPILLA		
Class 2017	resource	NetID	CWJOHN4		
Class 2017	resource	NetID	PGOLODE		
Class 2017	resource	NetID	LSYED		
Class 2017	resource	NetID	YHAN45		
Class 2017	resource	NetID	MGNAGEL		
Class 2017	resource	NetID	YZHU86		
Class 2017	resource	NetID	JRNORTH		
Class 2017	resource	NetID	DMADAM2		
Class 2017	resource	NetID	KMEJIA		
Class 2017	resource	NetID	JELSEY3		
Class 2017	resource	NetID	HDAI		
Class 2017	resource	NetID	JLBELLA		
Class 2017	resource	NetID	CLEONA3		
Class 2017	resource	NetID	MNGAIZA		
Class 2017	resource	NetID	JMHOLLE		
Class 2017	resource	NetID	VFU		
Class 2017	resource	NetID	JZAWADZ		
Class 2017	resource	NetID	GTEEKAH		
Class 2017	resource	NetID	GEIDSON		
Class 2017	resource	NetID	YTANG53		
Class 2017	resource	NetID	CLGENTI		
Class 2017	resource	NetID	WHINDMA		
Class 2017	resource	NetID	AVDANTZ		
Class 2017	resource	NetID	JLIGGIO		
Class 2017	resource	NetID	AISMAI6		
Class 2017	resource	NetID	JBASS22		
Class 2017	resource	NetID	LGONZ26		
Class 2017	resource	NetID	TJBARRE		
Class 2017	resource	NetID	PCAI		
Class 2017	resource	NetID	ACHEN65		
Class 2017	resource	NetID	HRSCHWA		
Class 2017	resource	NetID	MPARK72		
Class 2017	resource	NetID	KCHOW4		
Class 2017	resource	NetID	AKALDAS		
Class 2017	resource	NetID	SCFRIE2		
Class 2017	resource	NetID	TFORTE		
Class 2017	resource	NetID	SHUA2		
Class 2017	resource	NetID	LHANG		
Class 2017	resource	NetID	YGUERRE		
Class 2017	resource	NetID	TXU34		
Class 2017	resource	NetID	SCROWL		
Class 2017	resource	NetID	FXU7		
Class 2017	resource	NetID	MGOOD22		
Class 2017	resource	NetID	PRREDDY		
Class 2017	resource	NetID	SRICE4		
Class 2017	resource	NetID	DWRIG24		
Class 2017	resource	NetID	ABALSAL		
Class 2017	resource	NetID	DBROOM		
Class 2017	resource	NetID	AIHENAC		
Class 2017	resource	NetID	NSRAO		
Class 2017	resource	NetID	DCOBLE2		
Class 2017	resource	NetID	CKANG22		
Class 2017	resource	NetID	SLALLA2		
Class 2017	resource	NetID	KLGREE5		
Class 2017	resource	NetID	MLAZARU		
Class 2017	resource	NetID	NGRANZO		
Class 2017	resource	NetID	KPEED		
Class 2017	resource	NetID	AKAPUR7		
Class 2017	resource	NetID	MHAGE		
Class 2017	resource	NetID	ZZENG22		
Class 2017	resource	NetID	EALWAIS		
Class 2017	resource	NetID	THOLNES		
Class 2017	resource	NetID	THSMIT2		
Class 2017	resource	NetID	GONEIL		
Class 2017	resource	NetID	HPOLITO		
Class 2017	resource	NetID	YKHANSA		
Class 2017	resource	NetID	MZTSAI		
Class 2017	resource	NetID	HWHITMA		
Class 2017	resource	NetID	RWILKI3		
Class 2017	resource	NetID	HHAYS		
Class 2017	resource	NetID	SZUCKE5		
Class 2017	resource	NetID	MZOBERM		
Class 2017	resource	NetID	CKLUGE		
Class 2017	resource	NetID	JHUAN75		
Class 2017	resource	NetID	AESHOV		
Class 2017	resource	NetID	TLMILES		
Class 2017	resource	NetID	AHO23		
Class 2017	resource	NetID	ASCHRE2		
Class 2017	resource	NetID	DKCHEN		
Class 2017	resource	NetID	NAMOAH		
Class 2017	resource	NetID	GLAINS		
Class 2017	resource	NetID	SLBELLO		
Class 2017	resource	NetID	HKANU		
Class 2017	resource	NetID	BAMALF2		
Class 2017	resource	NetID	BMANHER		
Class 2017	resource	NetID	JBGOWER		
Class 2017	resource	NetID	MSCHEC2		
Class 2017	resource	NetID	FBHARWA		
Class 2017	resource	NetID	AAGAFON		
Class 2017	resource	NetID	AMILJAN		
Class 2017	resource	NetID	MASONGW		
Class 2017	resource	NetID	EBREZEL		
Class 2017	resource	NetID	CHEWINS		
Class 2017	resource	NetID	SRIVAS3		
Class 2017	resource	NetID	MTBRIGH		
Class 2017	resource	NetID	ZJANOTK		
Class 2017	resource	NetID	IFAZAL		
Class 2017	resource	NetID	ZISSENB		
Class 2017	resource	NetID	ELOKENA		
Class 2017	resource	NetID	SYOON76		
Class 2017	resource	NetID	AFULLE6		
Class 2017	resource	NetID	ABEZDEK		
Class 2017	resource	NetID	MDEMEO		
Class 2017	resource	NetID	XHE33		
Class 2017	resource	NetID	BWANG54		
Class 2017	resource	NetID	ERADICK		
Class 2017	resource	NetID	AMARON2		
Class 2017	resource	NetID	YXU223		
Class 2017	resource	NetID	YFANG32		
Class 2017	resource	NetID	MKIM393		
Class 2017	resource	NetID	MBEVAN		
Class 2017	resource	NetID	MCIALDE		
Class 2017	resource	NetID	JWJIAN2		
Class 2017	resource	NetID	BSCHEMA		
Class 2017	resource	NetID	HCHOI79		
Class 2017	resource	NetID	BSTEVE4		
Class 2017	resource	NetID	YLU86		
Class 2017	resource	NetID	MEISENH		
Class 2017	resource	NetID	EMNORMA		
Class 2017	resource	NetID	RSCHEN2		
Class 2017	resource	NetID	PKIM27		
Class 2017	resource	NetID	ECURTIN		
Class 2017	resource	NetID	TCOTRO2		
Class 2017	resource	NetID	LLINKEW		
Class 2017	resource	NetID	DCHEN62		
Class 2017	resource	NetID	RENGLIS		
Class 2017	resource	NetID	JFOREM2		
Class 2017	resource	NetID	LHECKAT		
Class 2017	resource	NetID	QDAI2		
Class 2017	resource	NetID	NWANG34		
Class 2017	resource	NetID	DCBERNS		
Class 2017	resource	NetID	SGILLA3		
Class 2017	resource	NetID	SOUTLAW		
Class 2017	resource	NetID	NDATUAS		
Class 2017	resource	NetID	KARAIM		
Class 2017	resource	NetID	RGLASBE		
Class 2017	resource	NetID	MFLORE5		
Class 2017	resource	NetID	JGENTI2		
Class 2017	resource	NetID	SZHEN24		
Class 2017	resource	NetID	TKIM235		
Class 2017	resource	NetID	OSHIHAD		
Class 2017	resource	NetID	EEKE		
Class 2017	resource	NetID	ODKIM		
Class 2017	resource	NetID	NCOLE		
Class 2017	resource	NetID	MEISEN4		
Class 2017	resource	NetID	MONEIL4		
Class 2017	resource	NetID	DCOCKFO		
Class 2017	resource	NetID	AOKPAGU		
Class 2017	resource	NetID	JCHEON6		
Class 2017	resource	NetID	EYJOUNG		
Class 2017	resource	NetID	JREYES8		
Class 2017	resource	NetID	ANCONRA		
Class 2017	resource	NetID	GPAGANE		
Class 2017	resource	NetID	ALUO2		
Class 2017	resource	NetID	MTNEEDH		
Class 2017	resource	NetID	DHANFEL		
Class 2017	resource	NetID	ENEISH		
Class 2017	resource	NetID	NWLEONA		
Class 2017	resource	NetID	CGGILES		
Class 2017	resource	NetID	IPOLOSU		
Class 2017	resource	NetID	EMAGNO		
Class 2017	resource	NetID	AKIM96		
Class 2017	resource	NetID	KPATE68		
Class 2017	resource	NetID	RJPARK		
Class 2017	resource	NetID	BPAUL4		
Class 2017	resource	NetID	BFILE		
Class 2017	resource	NetID	APFING2		
Class 2017	resource	NetID	DHERCUL		
Class 2017	resource	NetID	JHUSSUN		
Class 2017	resource	NetID	YZHA397		
Class 2017	resource	NetID	ECOADY		
Class 2017	resource	NetID	RESTIMP		
Class 2017	resource	NetID	HBROSE2		
Class 2017	resource	NetID	SKBROW2		
Class 2017	resource	NetID	YYU58		
Class 2017	resource	NetID	JKYEN		
Class 2017	resource	NetID	JHOCHM3		
Class 2017	resource	NetID	ALEE98		
Class 2017	resource	NetID	BHLIM		
Class 2017	resource	NetID	BEISEN2		
Class 2017	resource	NetID	YZHAO97		
Class 2017	resource	NetID	YGUO63		
Class 2017	resource	NetID	NFRIED4		
Class 2017	resource	NetID	JDOUGH2		
Class 2017	resource	NetID	WEMMETT		
Class 2017	resource	NetID	BVHARRE		
Class 2017	resource	NetID	ZJIAN26		
Class 2017	resource	NetID	KVILLA2		
Class 2017	resource	NetID	MQAZILB		
Class 2017	resource	NetID	AAUGUS5		
Class 2017	resource	NetID	YSSON		
Class 2017	resource	NetID	BJALAL2		
Class 2017	resource	NetID	JEHREN2		
Class 2017	resource	NetID	JSARNOF		
Class 2017	resource	NetID	MPETE22		
Class 2017	resource	NetID	YHAN56		
Class 2017	resource	NetID	HSMIT24		
Class 2017	resource	NetID	QCHEN48		
Class 2017	resource	NetID	JMWENTZ		
Class 2017	resource	NetID	YGUO47		
Class 2017	resource	NetID	DESMIT4		
Class 2017	resource	NetID	RBIYANI		
Class 2017	resource	NetID	JCHO64		
Class 2017	resource	NetID	CSEIDMA		
Class 2017	resource	NetID	JVARGH3		
Class 2017	resource	NetID	AEDUNCA		
Class 2017	resource	NetID	SCEMAJ		
Class 2017	resource	NetID	CMAKOWS		
